Symbol,Date,Open,High,Low,Close,Volume
LICI,2022-05-17 00:00:00+05:30,872.0,918.95,860.0,875.25,48792877
LICI,2022-05-18 00:00:00+05:30,885.55,891.0,874.1,876.35,8919761
LICI,2022-05-19 00:00:00+05:30,867.0,867.0,838.0,840.85,7372427
LICI,2022-05-20 00:00:00+05:30,848.55,856.8,825.0,826.15,7078291
LICI,2022-05-23 00:00:00+05:30,826.15,852.7,803.65,816.85,12444648
LICI,2022-05-24 00:00:00+05:30,818.0,834.7,816.85,823.1,4287864
LICI,2022-05-25 00:00:00+05:30,831.5,841.45,814.25,820.3,4013031
LICI,2022-05-26 00:00:00+05:30,820.3,824.8,801.0,811.65,2796468
LICI,2022-05-27 00:00:00+05:30,818.55,824.65,814.35,821.6,2215807
LICI,2022-05-30 00:00:00+05:30,829.9,841.4,825.3,837.75,3133717
LICI,2022-05-31 00:00:00+05:30,810.0,822.0,810.0,811.3,4373090
LICI,2022-06-01 00:00:00+05:30,811.4,817.45,808.5,810.4,1670031
LICI,2022-06-02 00:00:00+05:30,809.95,813.8,804.0,805.7,1565763
LICI,2022-06-03 00:00:00+05:30,808.65,810.75,800.0,800.25,2052785
LICI,2022-06-06 00:00:00+05:30,800.25,801.7,775.1,777.35,3033514
LICI,2022-06-07 00:00:00+05:30,772.9,772.9,751.8,753.0,3774512
LICI,2022-06-08 00:00:00+05:30,752.9,752.9,736.1,738.05,4103499
LICI,2022-06-09 00:00:00+05:30,729.9,736.0,720.1,721.7,3729113
LICI,2022-06-10 00:00:00+05:30,713.0,719.75,708.05,709.7,3464178
LICI,2022-06-13 00:00:00+05:30,690.9,690.9,667.0,668.25,7781730
LICI,2022-06-14 00:00:00+05:30,664.1,684.0,663.0,674.3,5348769
LICI,2022-06-15 00:00:00+05:30,681.0,709.7,679.1,690.15,9204318
LICI,2022-06-16 00:00:00+05:30,703.45,706.0,667.0,669.35,4049782
LICI,2022-06-17 00:00:00+05:30,669.1,669.35,651.0,654.55,4043000
LICI,2022-06-20 00:00:00+05:30,660.45,666.7,650.0,661.4,3522551
LICI,2022-06-21 00:00:00+05:30,667.0,671.4,663.0,665.2,2355354
LICI,2022-06-22 00:00:00+05:30,666.0,684.9,664.1,668.6,3472810
LICI,2022-06-23 00:00:00+05:30,670.2,674.7,658.6,665.15,1798979
LICI,2022-06-24 00:00:00+05:30,669.3,673.55,659.1,661.65,1743400
LICI,2022-06-27 00:00:00+05:30,670.0,670.0,661.7,664.8,1405766
LICI,2022-06-28 00:00:00+05:30,663.25,664.8,659.0,663.35,1004747
LICI,2022-06-29 00:00:00+05:30,660.1,696.85,657.8,678.5,4653282
LICI,2022-06-30 00:00:00+05:30,678.5,683.7,671.0,673.9,1681412
LICI,2022-07-01 00:00:00+05:30,675.0,679.95,669.0,676.65,1330472
LICI,2022-07-04 00:00:00+05:30,678.0,694.0,678.0,692.3,1832039
LICI,2022-07-05 00:00:00+05:30,698.0,712.9,697.0,702.65,3662593
LICI,2022-07-06 00:00:00+05:30,707.0,713.6,701.5,702.95,1253320
LICI,2022-07-07 00:00:00+05:30,708.0,714.7,696.0,698.05,1843219
LICI,2022-07-08 00:00:00+05:30,701.25,710.8,701.25,708.1,2152750
LICI,2022-07-11 00:00:00+05:30,707.95,721.9,704.35,718.2,1638255
LICI,2022-07-12 00:00:00+05:30,718.7,724.4,714.35,717.6,1355821
LICI,2022-07-13 00:00:00+05:30,719.9,723.9,715.45,718.85,887093
LICI,2022-07-14 00:00:00+05:30,720.1,721.25,709.0,712.3,874964
LICI,2022-07-15 00:00:00+05:30,719.45,721.25,705.05,708.5,999239
LICI,2022-07-18 00:00:00+05:30,710.0,713.65,693.0,696.5,1620545
LICI,2022-07-19 00:00:00+05:30,697.0,699.0,688.0,688.85,1592940
LICI,2022-07-20 00:00:00+05:30,694.3,696.75,686.75,687.7,1377738
LICI,2022-07-21 00:00:00+05:30,688.0,693.0,687.05,687.55,799923
LICI,2022-07-22 00:00:00+05:30,689.05,694.3,687.7,688.65,948078
LICI,2022-07-25 00:00:00+05:30,688.0,690.0,682.0,683.95,671602
LICI,2022-07-26 00:00:00+05:30,684.0,684.8,675.0,675.35,662692
LICI,2022-07-27 00:00:00+05:30,675.0,679.6,672.9,674.35,690747
LICI,2022-07-28 00:00:00+05:30,677.0,679.25,674.0,674.9,741896
LICI,2022-07-29 00:00:00+05:30,676.15,683.8,675.0,677.8,1519288
LICI,2022-08-01 00:00:00+05:30,680.0,685.6,678.4,682.9,949173
LICI,2022-08-02 00:00:00+05:30,682.4,688.95,680.2,685.5,1061968
LICI,2022-08-03 00:00:00+05:30,685.0,688.0,677.0,678.3,951585
LICI,2022-08-04 00:00:00+05:30,682.0,683.45,670.7,673.7,1036357
LICI,2022-08-05 00:00:00+05:30,675.0,694.95,674.1,687.35,3867024
LICI,2022-08-08 00:00:00+05:30,680.35,688.0,678.5,680.0,1215231
LICI,2022-08-10 00:00:00+05:30,682.5,687.95,680.75,682.6,1133206
LICI,2022-08-11 00:00:00+05:30,685.45,689.8,681.3,682.65,1055646
LICI,2022-08-12 00:00:00+05:30,683.25,687.1,681.05,682.4,867471
LICI,2022-08-16 00:00:00+05:30,693.0,706.6,691.3,697.65,4029367
LICI,2022-08-17 00:00:00+05:30,702.0,704.0,697.0,697.95,1443441
LICI,2022-08-18 00:00:00+05:30,698.9,703.5,695.0,696.25,1010173
LICI,2022-08-19 00:00:00+05:30,697.9,698.95,683.1,685.95,1403378
LICI,2022-08-22 00:00:00+05:30,684.9,684.9,675.0,675.3,1331779
LICI,2022-08-23 00:00:00+05:30,674.5,678.8,670.25,671.1,1053329
LICI,2022-08-24 00:00:00+05:30,673.1,683.0,672.0,676.25,1473399
LICI,2022-08-25 00:00:00+05:30,678.5,682.8,677.05,677.85,865146
LICI,2022-08-26 00:00:00+05:30,680.9,682.4,678.05,678.85,691903
LICI,2022-08-29 00:00:00+05:30,670.0,674.95,667.2,670.15,1400803
LICI,2022-08-30 00:00:00+05:30,673.5,676.95,672.2,673.5,689256
LICI,2022-09-01 00:00:00+05:30,673.0,676.85,668.05,668.7,1019021
LICI,2022-09-02 00:00:00+05:30,671.0,672.9,664.0,664.65,914138
LICI,2022-09-05 00:00:00+05:30,666.0,669.15,659.15,659.8,1467031
LICI,2022-09-06 00:00:00+05:30,662.0,663.85,651.0,652.8,1984406
LICI,2022-09-07 00:00:00+05:30,652.8,655.4,651.0,653.15,1236249
LICI,2022-09-08 00:00:00+05:30,656.0,659.0,652.3,653.85,1138616
LICI,2022-09-09 00:00:00+05:30,657.8,659.0,652.65,653.3,1220396
LICI,2022-09-12 00:00:00+05:30,655.0,656.75,651.6,652.2,1161662
LICI,2022-09-13 00:00:00+05:30,655.0,673.4,653.5,670.25,4249316
LICI,2022-09-14 00:00:00+05:30,664.7,678.0,662.2,663.45,2467127
LICI,2022-09-15 00:00:00+05:30,665.0,676.6,660.15,672.6,2899060
LICI,2022-09-16 00:00:00+05:30,670.9,671.7,653.35,654.8,1723016
LICI,2022-09-19 00:00:00+05:30,658.3,663.55,654.0,654.75,1004677
LICI,2022-09-20 00:00:00+05:30,657.55,665.05,655.55,656.35,927521
LICI,2022-09-21 00:00:00+05:30,656.4,659.9,651.8,652.45,920171
LICI,2022-09-22 00:00:00+05:30,653.0,659.0,648.0,649.75,1270228
LICI,2022-09-23 00:00:00+05:30,651.6,652.95,642.0,642.8,1212921
LICI,2022-09-26 00:00:00+05:30,640.0,641.0,629.1,630.55,1072834
LICI,2022-09-27 00:00:00+05:30,632.0,637.6,628.0,628.8,1138955
LICI,2022-09-28 00:00:00+05:30,627.75,627.75,620.25,621.45,845815
LICI,2022-09-29 00:00:00+05:30,623.9,626.9,618.0,619.55,777577
LICI,2022-09-30 00:00:00+05:30,620.25,626.4,617.0,621.65,873228
LICI,2022-10-03 00:00:00+05:30,622.0,625.0,619.25,620.6,820751
LICI,2022-10-04 00:00:00+05:30,624.0,631.8,624.0,629.3,776287
LICI,2022-10-06 00:00:00+05:30,630.55,635.8,628.5,628.9,774273
LICI,2022-10-07 00:00:00+05:30,629.0,630.0,624.0,624.5,644846
LICI,2022-10-10 00:00:00+05:30,622.7,622.7,618.2,619.4,863600
LICI,2022-10-11 00:00:00+05:30,620.7,625.95,618.0,619.5,775141
LICI,2022-10-12 00:00:00+05:30,621.5,622.7,613.85,615.65,700431
LICI,2022-10-13 00:00:00+05:30,616.0,618.45,611.0,611.6,686400
LICI,2022-10-14 00:00:00+05:30,617.6,619.05,612.0,612.8,617660
LICI,2022-10-17 00:00:00+05:30,612.8,613.55,608.0,608.75,772169
LICI,2022-10-18 00:00:00+05:30,611.0,612.4,607.5,607.85,696884
LICI,2022-10-19 00:00:00+05:30,608.9,611.0,605.5,607.05,637868
LICI,2022-10-20 00:00:00+05:30,607.55,607.95,600.0,601.0,1042196
LICI,2022-10-21 00:00:00+05:30,601.15,601.15,588.0,589.2,1854225
LICI,2022-10-24 00:00:00+05:30,593.0,600.8,593.0,599.8,457731
LICI,2022-10-25 00:00:00+05:30,600.0,601.0,594.3,595.55,536666
LICI,2022-10-27 00:00:00+05:30,596.5,597.8,595.0,595.55,651827
LICI,2022-10-28 00:00:00+05:30,596.0,597.45,591.25,592.7,737228
LICI,2022-10-31 00:00:00+05:30,606.9,616.8,602.8,603.95,2929385
LICI,2022-11-01 00:00:00+05:30,608.95,608.95,603.95,605.2,1013858
LICI,2022-11-02 00:00:00+05:30,607.0,622.0,603.1,619.4,1836761
LICI,2022-11-03 00:00:00+05:30,619.0,629.0,616.0,625.65,1604869
LICI,2022-11-04 00:00:00+05:30,628.0,630.9,626.3,628.05,662123
LICI,2022-11-07 00:00:00+05:30,629.0,638.0,629.0,633.25,1044987
LICI,2022-11-09 00:00:00+05:30,635.0,637.7,630.1,631.3,626576
LICI,2022-11-10 00:00:00+05:30,635.0,635.0,618.6,620.85,788898
LICI,2022-11-11 00:00:00+05:30,626.0,633.65,625.05,627.7,979067
LICI,2022-11-14 00:00:00+05:30,663.95,684.9,658.3,664.65,8854572
LICI,2022-11-15 00:00:00+05:30,665.0,672.3,650.0,654.7,2112529
LICI,2022-11-16 00:00:00+05:30,652.0,655.0,640.0,642.65,1364241
LICI,2022-11-17 00:00:00+05:30,639.0,649.25,637.55,643.85,1211174
LICI,2022-11-18 00:00:00+05:30,643.0,646.0,636.7,638.8,750739
LICI,2022-11-21 00:00:00+05:30,639.9,640.3,625.3,627.05,880089
LICI,2022-11-22 00:00:00+05:30,625.0,633.8,624.0,625.8,996001
LICI,2022-11-23 00:00:00+05:30,627.0,629.0,620.05,621.2,914416
LICI,2022-11-24 00:00:00+05:30,623.0,631.0,623.0,624.25,1199253
LICI,2022-11-25 00:00:00+05:30,627.35,630.75,626.7,627.75,803958
LICI,2022-11-28 00:00:00+05:30,628.0,633.25,627.75,629.8,823562
LICI,2022-11-29 00:00:00+05:30,629.0,643.4,629.0,636.8,1571328
LICI,2022-11-30 00:00:00+05:30,636.0,639.8,633.0,636.3,647345
LICI,2022-12-01 00:00:00+05:30,638.0,658.1,638.0,650.9,3163335
LICI,2022-12-02 00:00:00+05:30,648.0,654.0,648.0,651.25,905130
LICI,2022-12-05 00:00:00+05:30,651.1,655.0,649.0,652.1,800923
LICI,2022-12-06 00:00:00+05:30,651.0,658.8,649.0,651.7,1233657
LICI,2022-12-07 00:00:00+05:30,649.75,657.9,649.75,654.15,871091
LICI,2022-12-08 00:00:00+05:30,655.0,670.3,652.9,662.35,2234602
LICI,2022-12-09 00:00:00+05:30,665.0,676.1,664.0,671.85,2723169
LICI,2022-12-12 00:00:00+05:30,672.0,703.7,670.1,697.2,5932237
LICI,2022-12-13 00:00:00+05:30,700.0,724.5,700.0,718.3,7100398
LICI,2022-12-14 00:00:00+05:30,724.0,732.0,711.9,724.3,5008176
LICI,2022-12-15 00:00:00+05:30,728.1,730.85,706.0,708.75,2263539
LICI,2022-12-16 00:00:00+05:30,701.3,711.6,687.05,688.55,2820832
LICI,2022-12-19 00:00:00+05:30,689.8,741.75,689.75,734.6,6490103
LICI,2022-12-20 00:00:00+05:30,738.0,754.25,730.05,739.95,8871743
LICI,2022-12-21 00:00:00+05:30,742.0,747.7,698.0,701.65,4546599
LICI,2022-12-22 00:00:00+05:30,705.2,713.65,680.0,681.6,4221417
LICI,2022-12-23 00:00:00+05:30,679.0,687.05,655.1,658.75,3498066
LICI,2022-12-26 00:00:00+05:30,661.0,690.9,661.0,688.0,2728756
LICI,2022-12-27 00:00:00+05:30,693.5,698.7,681.55,692.6,1862730
LICI,2022-12-28 00:00:00+05:30,690.0,693.5,685.0,687.05,944339
LICI,2022-12-29 00:00:00+05:30,686.6,686.6,681.35,683.7,978328
LICI,2022-12-30 00:00:00+05:30,686.0,692.25,683.3,684.6,878093
LICI,2023-01-02 00:00:00+05:30,685.0,714.6,684.7,709.5,2988258
LICI,2023-01-03 00:00:00+05:30,718.0,737.8,715.75,734.6,4845441
LICI,2023-01-04 00:00:00+05:30,736.9,746.0,728.0,731.0,3772736
LICI,2023-01-05 00:00:00+05:30,733.85,738.3,722.6,727.8,1602415
LICI,2023-01-06 00:00:00+05:30,727.8,729.4,705.2,707.3,1625158
LICI,2023-01-09 00:00:00+05:30,716.0,718.0,708.05,711.6,1268499
LICI,2023-01-10 00:00:00+05:30,711.7,718.5,708.5,715.0,1546064
LICI,2023-01-11 00:00:00+05:30,714.55,723.5,710.55,715.1,1322852
LICI,2023-01-12 00:00:00+05:30,716.1,717.55,703.1,705.4,1156008
LICI,2023-01-13 00:00:00+05:30,706.45,716.2,705.25,712.8,1241951
LICI,2023-01-16 00:00:00+05:30,714.0,718.6,707.7,709.2,746717
LICI,2023-01-17 00:00:00+05:30,708.0,711.5,698.7,705.7,981024
LICI,2023-01-18 00:00:00+05:30,707.0,709.1,703.1,706.6,601657
LICI,2023-01-19 00:00:00+05:30,705.0,711.0,700.3,701.6,651600
LICI,2023-01-20 00:00:00+05:30,702.0,705.3,695.1,698.55,528700
LICI,2023-01-23 00:00:00+05:30,700.0,704.85,698.2,700.9,530547
LICI,2023-01-24 00:00:00+05:30,702.0,714.5,700.0,702.1,1092923
LICI,2023-01-25 00:00:00+05:30,703.0,704.95,686.0,689.4,864582
LICI,2023-01-27 00:00:00+05:30,691.0,692.5,660.0,665.95,1736675
LICI,2023-01-30 00:00:00+05:30,649.0,684.0,639.2,656.5,3024474
LICI,2023-01-31 00:00:00+05:30,660.0,662.9,650.8,653.3,1811224
LICI,2023-02-01 00:00:00+05:30,660.0,665.4,582.35,598.45,6326960
LICI,2023-02-02 00:00:00+05:30,583.15,606.0,583.15,599.1,3377223
LICI,2023-02-03 00:00:00+05:30,602.1,604.5,586.0,599.05,2276729
LICI,2023-02-06 00:00:00+05:30,602.0,607.4,597.0,599.9,1567204
LICI,2023-02-07 00:00:00+05:30,602.0,618.2,601.25,603.05,2084510
LICI,2023-02-08 00:00:00+05:30,605.0,612.6,604.5,610.25,1374494
LICI,2023-02-09 00:00:00+05:30,613.35,618.0,609.6,613.15,1434333
LICI,2023-02-10 00:00:00+05:30,630.0,640.0,617.05,620.05,3943115
LICI,2023-02-13 00:00:00+05:30,621.0,623.65,605.35,606.7,1315642
LICI,2023-02-14 00:00:00+05:30,605.05,609.7,596.2,598.05,1528074
LICI,2023-02-15 00:00:00+05:30,595.1,603.95,595.1,601.0,933878
LICI,2023-02-16 00:00:00+05:30,604.05,606.25,602.0,602.8,703040
LICI,2023-02-17 00:00:00+05:30,603.0,605.75,600.3,602.65,642400
LICI,2023-02-20 00:00:00+05:30,605.0,605.0,596.4,598.5,885378
LICI,2023-02-21 00:00:00+05:30,600.0,601.3,595.9,597.15,648784
LICI,2023-02-22 00:00:00+05:30,597.0,598.7,593.45,595.95,761922
LICI,2023-02-23 00:00:00+05:30,596.0,598.95,590.1,590.9,916630
LICI,2023-02-24 00:00:00+05:30,591.0,594.8,584.0,584.6,1119544
LICI,2023-02-27 00:00:00+05:30,584.6,585.4,566.0,567.75,1912489
LICI,2023-02-28 00:00:00+05:30,568.0,582.75,567.6,578.4,2207400
LICI,2023-03-01 00:00:00+05:30,581.3,604.55,580.25,601.7,1822832
LICI,2023-03-02 00:00:00+05:30,601.9,607.3,597.0,601.1,1383893
LICI,2023-03-03 00:00:00+05:30,609.0,619.0,607.7,615.45,2101679
LICI,2023-03-06 00:00:00+05:30,620.0,625.0,609.9,611.65,1404596
LICI,2023-03-08 00:00:00+05:30,610.4,610.4,602.0,602.95,900075
LICI,2023-03-09 00:00:00+05:30,605.0,606.35,592.5,598.55,1465695
LICI,2023-03-10 00:00:00+05:30,595.0,596.95,590.05,595.5,649101
LICI,2023-03-13 00:00:00+05:30,595.5,598.5,580.0,582.1,1137818
LICI,2023-03-14 00:00:00+05:30,585.05,587.45,575.0,578.5,879186
LICI,2023-03-15 00:00:00+05:30,581.0,586.75,576.0,577.45,817032
LICI,2023-03-16 00:00:00+05:30,577.0,578.9,570.75,572.45,972000
LICI,2023-03-17 00:00:00+05:30,575.35,582.1,575.0,579.9,696661
LICI,2023-03-20 00:00:00+05:30,579.0,579.05,570.2,574.9,725166
LICI,2023-03-21 00:00:00+05:30,577.8,578.75,571.55,572.55,779267
LICI,2023-03-22 00:00:00+05:30,573.0,577.75,572.0,572.75,931326
LICI,2023-03-23 00:00:00+05:30,573.1,575.0,568.0,568.8,748086
LICI,2023-03-24 00:00:00+05:30,570.0,573.0,559.0,560.0,1305399
LICI,2023-03-27 00:00:00+05:30,560.1,562.65,539.1,544.1,1741356
LICI,2023-03-28 00:00:00+05:30,546.0,549.35,535.0,536.8,1821333
LICI,2023-03-29 00:00:00+05:30,537.5,542.7,530.05,531.85,2245923
LICI,2023-03-31 00:00:00+05:30,534.55,546.95,531.1,534.35,2030925
LICI,2023-04-03 00:00:00+05:30,540.0,548.55,537.6,544.55,1228058
LICI,2023-04-05 00:00:00+05:30,549.4,555.5,546.65,549.95,1156963
LICI,2023-04-06 00:00:00+05:30,551.0,556.4,548.15,550.55,1088256
LICI,2023-04-10 00:00:00+05:30,554.45,556.0,548.5,549.3,818437
LICI,2023-04-11 00:00:00+05:30,550.1,555.25,549.3,550.5,659636
LICI,2023-04-12 00:00:00+05:30,552.7,553.9,549.0,549.3,682171
LICI,2023-04-13 00:00:00+05:30,549.9,553.45,548.2,550.95,562523
LICI,2023-04-17 00:00:00+05:30,550.95,551.35,544.0,544.6,947673
LICI,2023-04-18 00:00:00+05:30,546.1,552.3,546.1,548.45,612736
LICI,2023-04-19 00:00:00+05:30,549.0,550.0,545.0,546.5,482728
LICI,2023-04-20 00:00:00+05:30,547.75,556.2,546.45,551.9,731513
LICI,2023-04-21 00:00:00+05:30,550.6,550.6,545.1,548.0,655602
LICI,2023-04-24 00:00:00+05:30,548.9,553.8,547.5,549.4,446849
LICI,2023-04-25 00:00:00+05:30,551.0,556.0,547.2,548.3,987652
LICI,2023-04-26 00:00:00+05:30,548.3,550.35,547.05,547.75,498401
LICI,2023-04-27 00:00:00+05:30,548.0,553.05,543.0,545.7,1151408
LICI,2023-04-28 00:00:00+05:30,548.5,552.8,546.55,549.9,1231240
LICI,2023-05-02 00:00:00+05:30,552.0,554.6,549.2,550.05,1224198
LICI,2023-05-03 00:00:00+05:30,550.95,552.9,550.0,551.35,856689
LICI,2023-05-04 00:00:00+05:30,552.0,566.6,549.1,552.45,4283342
LICI,2023-05-05 00:00:00+05:30,552.5,565.35,551.65,560.05,2503952
LICI,2023-05-08 00:00:00+05:30,563.0,567.0,562.0,562.7,1104965
LICI,2023-05-09 00:00:00+05:30,564.45,566.45,555.95,557.35,1015395
LICI,2023-05-10 00:00:00+05:30,558.75,560.3,555.1,557.8,589178
LICI,2023-05-11 00:00:00+05:30,559.95,563.7,559.0,561.0,680822
LICI,2023-05-12 00:00:00+05:30,561.0,564.45,557.5,562.1,892781
LICI,2023-05-15 00:00:00+05:30,564.0,573.0,561.2,567.65,2164688
LICI,2023-05-16 00:00:00+05:30,569.0,574.55,566.4,567.5,902155
LICI,2023-05-17 00:00:00+05:30,568.0,570.95,565.9,570.0,862004
LICI,2023-05-18 00:00:00+05:30,572.0,576.85,567.0,568.15,964354
LICI,2023-05-19 00:00:00+05:30,570.0,570.05,562.1,565.0,515091
LICI,2023-05-22 00:00:00+05:30,569.0,579.3,566.7,577.5,1506327
LICI,2023-05-23 00:00:00+05:30,581.0,594.5,580.9,590.15,2726826
LICI,2023-05-24 00:00:00+05:30,594.15,604.2,592.05,593.9,2488874
LICI,2023-05-25 00:00:00+05:30,607.0,615.5,601.0,603.6,5187933
LICI,2023-05-26 00:00:00+05:30,608.6,610.2,603.1,604.3,1195590
LICI,2023-05-29 00:00:00+05:30,610.0,610.1,603.3,605.2,1131333
LICI,2023-05-30 00:00:00+05:30,605.5,606.45,599.5,600.9,720683
LICI,2023-05-31 00:00:00+05:30,599.45,599.45,593.0,595.15,720695
LICI,2023-06-01 00:00:00+05:30,595.0,600.5,593.95,597.15,694568
LICI,2023-06-02 00:00:00+05:30,599.1,601.4,596.1,596.85,507824
LICI,2023-06-05 00:00:00+05:30,598.5,602.0,595.95,596.6,641136
LICI,2023-06-06 00:00:00+05:30,598.05,599.75,596.0,597.75,480880
LICI,2023-06-07 00:00:00+05:30,599.0,605.0,597.5,601.35,809884
LICI,2023-06-08 00:00:00+05:30,602.35,610.4,602.3,603.4,1424334
LICI,2023-06-09 00:00:00+05:30,605.0,607.0,600.35,601.95,660925
LICI,2023-06-12 00:00:00+05:30,598.8,601.5,595.05,597.05,803879
LICI,2023-06-13 00:00:00+05:30,597.7,600.75,597.7,598.9,400863
LICI,2023-06-14 00:00:00+05:30,599.9,601.9,595.25,596.0,644399
LICI,2023-06-15 00:00:00+05:30,596.0,604.95,595.05,596.4,847451
LICI,2023-06-16 00:00:00+05:30,596.4,606.7,596.4,604.45,1405526
LICI,2023-06-19 00:00:00+05:30,605.0,620.95,603.55,618.3,2500627
LICI,2023-06-20 00:00:00+05:30,620.0,632.5,619.05,630.35,3041047
LICI,2023-06-21 00:00:00+05:30,636.6,639.75,633.05,636.05,1580109
LICI,2023-06-22 00:00:00+05:30,637.9,654.0,636.65,641.75,3120722
LICI,2023-06-23 00:00:00+05:30,643.0,646.9,622.75,624.95,1538801
LICI,2023-06-26 00:00:00+05:30,624.95,625.8,613.7,615.9,946727
LICI,2023-06-27 00:00:00+05:30,616.3,620.5,611.75,616.8,975533
LICI,2023-06-28 00:00:00+05:30,618.0,622.75,615.0,620.0,1156188
LICI,2023-06-30 00:00:00+05:30,622.1,633.5,620.2,632.25,1371193
LICI,2023-07-03 00:00:00+05:30,635.0,637.85,628.0,629.05,888170
LICI,2023-07-04 00:00:00+05:30,630.75,632.75,624.3,625.9,625593
LICI,2023-07-05 00:00:00+05:30,626.0,629.5,625.0,626.75,569014
LICI,2023-07-06 00:00:00+05:30,625.1,631.35,624.0,627.9,624168
LICI,2023-07-07 00:00:00+05:30,626.5,630.7,621.25,622.6,711064
LICI,2023-07-10 00:00:00+05:30,623.0,623.7,617.0,618.55,791576
LICI,2023-07-11 00:00:00+05:30,623.0,629.9,620.6,621.8,608461
LICI,2023-07-12 00:00:00+05:30,623.1,624.0,618.0,620.45,523272
LICI,2023-07-13 00:00:00+05:30,621.0,624.4,614.25,615.7,802085
LICI,2023-07-14 00:00:00+05:30,616.85,620.0,615.8,618.7,534996
LICI,2023-07-17 00:00:00+05:30,617.5,625.0,617.5,620.9,711158
LICI,2023-07-18 00:00:00+05:30,624.0,625.95,618.0,620.7,701393
LICI,2023-07-19 00:00:00+05:30,621.9,623.4,619.5,620.35,501945
LICI,2023-07-20 00:00:00+05:30,621.5,629.45,619.05,628.25,1166529
LICI,2023-07-21 00:00:00+05:30,626.75,642.9,623.5,635.75,2019022
LICI,2023-07-24 00:00:00+05:30,635.75,640.0,625.0,626.65,927514
LICI,2023-07-25 00:00:00+05:30,626.75,630.8,621.05,623.05,671845
LICI,2023-07-26 00:00:00+05:30,624.6,630.6,623.8,627.95,651954
LICI,2023-07-27 00:00:00+05:30,627.9,635.3,627.9,630.25,705149
LICI,2023-07-28 00:00:00+05:30,630.0,633.45,624.5,626.75,646004
LICI,2023-07-31 00:00:00+05:30,627.0,641.4,627.0,639.95,1469797
LICI,2023-08-01 00:00:00+05:30,644.0,650.7,640.0,647.25,1987633
LICI,2023-08-02 00:00:00+05:30,648.0,659.75,634.0,641.25,2568000
LICI,2023-08-03 00:00:00+05:30,641.3,648.95,641.0,644.55,1008085
LICI,2023-08-04 00:00:00+05:30,646.15,665.0,646.15,658.5,2593055
LICI,2023-08-07 00:00:00+05:30,659.1,664.9,653.05,655.55,1110788
LICI,2023-08-08 00:00:00+05:30,655.95,659.15,640.55,643.65,1157301
LICI,2023-08-09 00:00:00+05:30,645.3,647.0,641.0,643.95,672748
LICI,2023-08-10 00:00:00+05:30,645.5,649.0,639.7,641.7,634420
LICI,2023-08-11 00:00:00+05:30,666.0,679.0,655.1,659.85,5254644
LICI,2023-08-14 00:00:00+05:30,660.0,661.35,648.05,655.8,1215416
LICI,2023-08-16 00:00:00+05:30,654.5,654.5,648.35,649.25,701542
LICI,2023-08-17 00:00:00+05:30,650.45,662.0,650.0,659.65,1191732
LICI,2023-08-18 00:00:00+05:30,659.4,661.0,650.0,650.8,752476
LICI,2023-08-21 00:00:00+05:30,651.1,655.85,650.5,652.15,566994
LICI,2023-08-22 00:00:00+05:30,653.8,667.05,652.15,663.9,1786271
LICI,2023-08-23 00:00:00+05:30,665.7,667.9,658.0,658.65,813337
LICI,2023-08-24 00:00:00+05:30,660.65,666.15,654.0,655.5,606670
LICI,2023-08-25 00:00:00+05:30,654.0,657.8,645.0,648.35,698906
LICI,2023-08-28 00:00:00+05:30,649.75,657.45,649.15,655.2,731456
LICI,2023-08-29 00:00:00+05:30,655.2,660.5,650.5,651.9,489634
LICI,2023-08-30 00:00:00+05:30,654.0,655.85,650.25,651.05,574588
LICI,2023-08-31 00:00:00+05:30,651.35,655.45,643.05,645.3,710410
LICI,2023-09-01 00:00:00+05:30,645.3,649.4,645.05,645.75,793487
LICI,2023-09-04 00:00:00+05:30,647.0,664.0,647.0,658.6,2492988
LICI,2023-09-05 00:00:00+05:30,660.0,669.05,659.1,660.0,1878186
LICI,2023-09-06 00:00:00+05:30,661.85,691.0,661.15,678.0,5680338
LICI,2023-09-07 00:00:00+05:30,680.2,686.8,674.6,676.1,1684464
LICI,2023-09-08 00:00:00+05:30,684.0,684.8,673.2,674.15,1578942
LICI,2023-09-11 00:00:00+05:30,677.65,684.9,675.95,679.05,1592447
LICI,2023-09-12 00:00:00+05:30,683.4,683.4,658.45,659.65,1594449
LICI,2023-09-13 00:00:00+05:30,660.05,666.95,654.55,659.3,890096
LICI,2023-09-14 00:00:00+05:30,662.95,666.0,659.4,660.8,847932
LICI,2023-09-15 00:00:00+05:30,662.55,671.3,658.6,667.5,1743786
LICI,2023-09-18 00:00:00+05:30,667.5,671.8,661.7,663.7,732801
LICI,2023-09-20 00:00:00+05:30,660.0,665.85,653.1,655.65,1074642
LICI,2023-09-21 00:00:00+05:30,655.45,659.55,654.0,654.55,652802
LICI,2023-09-22 00:00:00+05:30,655.95,659.8,649.0,651.3,695541
LICI,2023-09-25 00:00:00+05:30,650.0,653.0,645.5,646.65,651991
LICI,2023-09-26 00:00:00+05:30,647.85,649.85,644.0,644.95,414742
LICI,2023-09-27 00:00:00+05:30,645.0,649.85,644.0,644.95,531459
LICI,2023-09-28 00:00:00+05:30,646.0,652.0,643.05,650.3,923774
LICI,2023-09-29 00:00:00+05:30,650.3,652.85,646.85,649.75,873339
LICI,2023-10-03 00:00:00+05:30,648.1,649.55,644.5,645.35,470219
LICI,2023-10-04 00:00:00+05:30,643.0,644.0,634.05,637.45,694550
LICI,2023-10-05 00:00:00+05:30,639.1,642.0,636.5,637.75,396155
LICI,2023-10-06 00:00:00+05:30,638.05,646.0,638.05,644.35,626615
LICI,2023-10-09 00:00:00+05:30,639.2,639.25,630.1,635.3,718556
LICI,2023-10-10 00:00:00+05:30,635.35,640.95,634.7,635.5,481417
LICI,2023-10-11 00:00:00+05:30,638.1,642.0,636.6,637.35,653919
LICI,2023-10-12 00:00:00+05:30,638.0,644.2,636.2,637.3,1325826
LICI,2023-10-13 00:00:00+05:30,636.0,639.0,634.0,634.65,615655
LICI,2023-10-16 00:00:00+05:30,634.65,640.7,634.65,637.15,1139234
LICI,2023-10-17 00:00:00+05:30,639.35,651.85,639.25,649.2,1103994
LICI,2023-10-18 00:00:00+05:30,649.2,651.0,634.5,636.6,875559
LICI,2023-10-19 00:00:00+05:30,634.5,641.0,632.6,634.7,657460
LICI,2023-10-20 00:00:00+05:30,634.45,637.8,633.8,634.95,654219
LICI,2023-10-23 00:00:00+05:30,634.95,636.7,615.15,617.45,1105408
LICI,2023-10-25 00:00:00+05:30,620.0,623.6,608.55,611.05,1094888
LICI,2023-10-26 00:00:00+05:30,609.85,612.5,597.35,605.0,1084441
LICI,2023-10-27 00:00:00+05:30,608.0,612.75,606.1,606.65,617526
LICI,2023-10-30 00:00:00+05:30,606.6,609.15,602.65,604.2,465617
LICI,2023-10-31 00:00:00+05:30,606.5,609.55,600.2,602.25,536471
LICI,2023-11-01 00:00:00+05:30,603.85,607.85,599.0,600.0,549716
LICI,2023-11-02 00:00:00+05:30,603.8,609.05,602.3,606.25,741948
LICI,2023-11-03 00:00:00+05:30,608.0,610.3,607.0,608.05,418848
LICI,2023-11-06 00:00:00+05:30,609.9,613.9,609.5,611.4,580132
LICI,2023-11-07 00:00:00+05:30,612.0,613.9,610.15,610.8,453744
LICI,2023-11-08 00:00:00+05:30,612.0,615.55,611.0,613.35,744275
LICI,2023-11-09 00:00:00+05:30,614.0,617.2,613.4,614.8,393625
LICI,2023-11-10 00:00:00+05:30,614.25,619.6,608.1,610.25,671906
LICI,2023-11-12 00:00:00+05:30,609.5,610.0,607.0,607.85,455277
LICI,2023-11-13 00:00:00+05:30,605.0,606.5,598.25,605.55,1079051
LICI,2023-11-15 00:00:00+05:30,607.2,611.0,606.1,606.8,840602
LICI,2023-11-16 00:00:00+05:30,607.85,612.9,604.25,609.3,1367472
LICI,2023-11-17 00:00:00+05:30,609.3,618.8,608.75,614.65,1177051
LICI,2023-11-20 00:00:00+05:30,614.65,615.8,609.95,612.0,502409
LICI,2023-11-21 00:00:00+05:30,613.0,615.7,610.0,610.9,718571
LICI,2023-11-22 00:00:00+05:30,611.0,613.15,607.7,608.75,600947
LICI,2023-11-23 00:00:00+05:30,609.25,628.0,608.0,617.7,736051
LICI,2023-11-24 00:00:00+05:30,620.95,682.0,620.55,677.65,18997036
LICI,2023-11-28 00:00:00+05:30,681.0,694.5,671.1,674.3,8034353
LICI,2023-11-29 00:00:00+05:30,677.0,692.0,672.05,680.9,3497491
LICI,2023-11-30 00:00:00+05:30,682.0,699.0,677.0,679.5,4305902
LICI,2023-12-01 00:00:00+05:30,685.0,687.4,667.15,670.9,1616633
LICI,2023-12-04 00:00:00+05:30,680.0,727.7,680.0,719.0,13408726
LICI,2023-12-05 00:00:00+05:30,720.0,726.9,702.6,714.05,5078973
LICI,2023-12-06 00:00:00+05:30,719.95,750.8,714.0,746.0,9601936
LICI,2023-12-07 00:00:00+05:30,747.9,800.0,736.9,785.45,15595341
LICI,2023-12-08 00:00:00+05:30,790.0,803.4,770.0,772.45,6927164
LICI,2023-12-11 00:00:00+05:30,775.0,783.65,768.0,770.95,2160731
LICI,2023-12-12 00:00:00+05:30,770.0,799.0,770.0,791.75,5822501
LICI,2023-12-13 00:00:00+05:30,795.5,810.75,795.5,805.05,5973611
LICI,2023-12-14 00:00:00+05:30,811.0,820.0,807.2,815.25,4007659
LICI,2023-12-15 00:00:00+05:30,816.0,818.9,792.0,796.15,2964146
LICI,2023-12-18 00:00:00+05:30,798.0,810.9,793.45,801.65,2171792
LICI,2023-12-19 00:00:00+05:30,803.25,806.7,792.0,794.05,1396214
LICI,2023-12-20 00:00:00+05:30,798.0,809.5,755.1,761.25,2897254
LICI,2023-12-21 00:00:00+05:30,752.85,768.85,746.3,764.5,2869747
LICI,2023-12-22 00:00:00+05:30,807.0,821.0,788.85,792.8,10836454
LICI,2023-12-26 00:00:00+05:30,795.0,798.6,780.0,781.3,1907597
LICI,2023-12-27 00:00:00+05:30,785.0,825.95,784.05,821.4,10656808
LICI,2023-12-28 00:00:00+05:30,822.0,836.75,806.6,826.9,7403621
LICI,2023-12-29 00:00:00+05:30,827.55,843.9,822.6,832.5,4195993
LICI,2024-01-01 00:00:00+05:30,831.5,864.0,831.0,858.75,6424762
LICI,2024-01-02 00:00:00+05:30,853.8,856.9,836.0,837.7,3672560
LICI,2024-01-03 00:00:00+05:30,837.7,853.3,836.1,838.75,3684845
LICI,2024-01-04 00:00:00+05:30,837.0,845.9,833.0,835.25,2024609
LICI,2024-01-05 00:00:00+05:30,836.6,860.95,836.6,844.4,4193233
LICI,2024-01-08 00:00:00+05:30,845.0,848.9,819.3,823.85,2265484
LICI,2024-01-09 00:00:00+05:30,829.1,837.85,828.5,832.45,1408365
LICI,2024-01-10 00:00:00+05:30,835.0,850.95,835.0,838.6,2639631
LICI,2024-01-11 00:00:00+05:30,841.0,850.0,831.0,834.0,1576154
LICI,2024-01-12 00:00:00+05:30,830.0,838.0,827.0,829.3,1800261
LICI,2024-01-15 00:00:00+05:30,847.0,862.4,841.95,854.8,4450802
LICI,2024-01-16 00:00:00+05:30,856.0,900.0,850.0,892.55,12525303
LICI,2024-01-17 00:00:00+05:30,882.0,918.45,874.0,887.5,9015612
LICI,2024-01-18 00:00:00+05:30,890.0,907.0,867.05,901.2,4546830
LICI,2024-01-19 00:00:00+05:30,909.0,915.0,898.0,901.9,3328849
LICI,2024-01-20 00:00:00+05:30,908.0,948.45,906.2,936.85,7489946
LICI,2024-01-23 00:00:00+05:30,943.95,950.05,869.2,875.25,5296256
LICI,2024-01-24 00:00:00+05:30,878.2,924.0,866.0,907.2,3503761
LICI,2024-01-25 00:00:00+05:30,915.0,923.9,899.1,903.5,2629355
LICI,2024-01-29 00:00:00+05:30,910.0,931.9,903.6,915.6,3792964
LICI,2024-01-30 00:00:00+05:30,922.5,955.0,917.55,932.9,9707445
LICI,2024-01-31 00:00:00+05:30,938.15,971.9,936.75,949.75,7726332
LICI,2024-02-01 00:00:00+05:30,956.9,964.0,926.0,937.0,3463799
LICI,2024-02-02 00:00:00+05:30,942.85,955.15,937.0,945.45,4534536
LICI,2024-02-05 00:00:00+05:30,956.5,1028.0,955.0,998.85,17219410
LICI,2024-02-06 00:00:00+05:30,1014.05,1033.0,990.25,1025.85,7368232
LICI,2024-02-07 00:00:00+05:30,1031.05,1050.0,1014.1,1044.45,7354236
LICI,2024-02-08 00:00:00+05:30,1073.9,1145.0,1071.0,1105.25,22872046
LICI,2024-02-09 00:00:00+05:30,1152.0,1175.0,1067.0,1080.85,21551992
LICI,2024-02-12 00:00:00+05:30,1112.05,1125.0,1010.1,1022.45,11741691
LICI,2024-02-13 00:00:00+05:30,1029.75,1043.3,979.95,1011.45,8474155
LICI,2024-02-14 00:00:00+05:30,1000.0,1078.5,990.0,1070.5,9358003
LICI,2024-02-15 00:00:00+05:30,1082.0,1086.9,1049.05,1056.1,5013229
LICI,2024-02-16 00:00:00+05:30,1062.0,1067.55,1030.1,1039.85,5404201
LICI,2024-02-19 00:00:00+05:30,1080.0,1092.0,1050.0,1052.2,6832181
LICI,2024-02-20 00:00:00+05:30,1055.0,1056.4,1036.05,1042.15,3173173
LICI,2024-02-21 00:00:00+05:30,1044.0,1054.75,1027.7,1039.55,3929842
LICI,2024-02-22 00:00:00+05:30,1041.45,1070.0,1032.05,1064.4,5132257
LICI,2024-02-23 00:00:00+05:30,1062.05,1082.0,1048.05,1066.5,4331573
LICI,2024-02-26 00:00:00+05:30,1066.5,1075.7,1036.4,1041.15,2958776
LICI,2024-02-27 00:00:00+05:30,1044.0,1068.0,1037.1,1040.2,3772686
LICI,2024-02-28 00:00:00+05:30,1046.2,1052.9,1003.8,1006.95,3573062
LICI,2024-02-29 00:00:00+05:30,1012.0,1027.0,997.1,1022.8,3013025
LICI,2024-03-01 00:00:00+05:30,1027.2,1040.95,1025.1,1029.7,2087742
LICI,2024-03-02 00:00:00+05:30,1031.9,1039.95,1028.65,1036.25,326924
LICI,2024-03-04 00:00:00+05:30,1037.0,1049.0,1021.2,1036.9,2450117
LICI,2024-03-05 00:00:00+05:30,1037.4,1045.85,1023.9,1027.25,2024712
LICI,2024-03-06 00:00:00+05:30,1030.0,1034.95,998.25,1010.3,2542290
LICI,2024-03-07 00:00:00+05:30,1012.0,1034.0,1007.0,1024.8,1822489
LICI,2024-03-11 00:00:00+05:30,1035.0,1045.0,1006.05,1011.9,2777683
LICI,2024-03-12 00:00:00+05:30,1016.9,1018.9,980.55,986.25,2878325
LICI,2024-03-13 00:00:00+05:30,990.45,994.95,900.0,909.75,6431249
LICI,2024-03-14 00:00:00+05:30,910.0,962.35,901.05,958.5,4958488
LICI,2024-03-15 00:00:00+05:30,957.0,969.7,918.95,925.15,3560100
LICI,2024-03-18 00:00:00+05:30,916.5,934.0,902.0,904.4,3765432
LICI,2024-03-19 00:00:00+05:30,905.0,918.75,875.65,879.55,4240551
LICI,2024-03-20 00:00:00+05:30,885.9,894.8,865.0,866.9,4003650
LICI,2024-03-21 00:00:00+05:30,882.0,909.55,877.5,901.8,6292495
LICI,2024-03-22 00:00:00+05:30,905.0,909.0,888.5,906.35,4895634
LICI,2024-03-26 00:00:00+05:30,909.1,918.0,892.2,897.45,3883441
LICI,2024-03-27 00:00:00+05:30,900.95,913.0,888.95,892.5,7788410
LICI,2024-03-28 00:00:00+05:30,902.65,928.0,901.75,916.15,4191452
LICI,2024-04-01 00:00:00+05:30,925.0,984.45,924.0,970.6,4863536
LICI,2024-04-02 00:00:00+05:30,972.65,1001.8,961.3,998.4,5922613
LICI,2024-04-03 00:00:00+05:30,995.0,1016.0,990.0,997.75,4112423
LICI,2024-04-04 00:00:00+05:30,1003.8,1016.35,991.95,1006.55,3198816
LICI,2024-04-05 00:00:00+05:30,1006.0,1011.6,990.05,992.75,2430940
LICI,2024-04-08 00:00:00+05:30,998.0,1007.0,993.05,996.7,1512582
LICI,2024-04-09 00:00:00+05:30,997.3,1014.9,974.3,979.25,3349559
LICI,2024-04-10 00:00:00+05:30,982.8,989.8,974.0,976.95,2414938
LICI,2024-04-12 00:00:00+05:30,976.0,981.95,968.0,970.95,1850855
LICI,2024-04-15 00:00:00+05:30,956.05,974.0,932.05,961.55,2950660
LICI,2024-04-16 00:00:00+05:30,954.95,984.3,944.4,975.9,2226633
LICI,2024-04-18 00:00:00+05:30,980.05,986.0,958.0,961.05,1943056
LICI,2024-04-19 00:00:00+05:30,952.85,977.0,948.65,973.3,2273800
LICI,2024-04-22 00:00:00+05:30,978.6,983.8,972.0,974.6,1310535
LICI,2024-04-23 00:00:00+05:30,979.45,1008.7,977.0,986.1,4958541
LICI,2024-04-24 00:00:00+05:30,991.95,1010.0,988.45,990.75,2492259
LICI,2024-04-25 00:00:00+05:30,995.0,995.2,979.45,984.5,1754417
LICI,2024-04-26 00:00:00+05:30,989.0,1005.5,982.0,988.05,3359199
LICI,2024-04-29 00:00:00+05:30,994.0,994.0,977.6,980.2,2000595
LICI,2024-04-30 00:00:00+05:30,985.15,991.0,975.55,978.25,1883464
LICI,2024-05-02 00:00:00+05:30,982.9,1009.8,980.7,999.15,4961650
LICI,2024-05-03 00:00:00+05:30,1003.8,1004.0,970.55,979.15,2207262
LICI,2024-05-06 00:00:00+05:30,982.8,984.9,929.65,934.0,3714064
LICI,2024-05-07 00:00:00+05:30,938.0,946.0,912.25,921.65,2154627
LICI,2024-05-08 00:00:00+05:30,923.0,936.95,920.6,929.85,1315309
LICI,2024-05-09 00:00:00+05:30,931.95,934.2,898.7,902.15,1510223
LICI,2024-05-10 00:00:00+05:30,920.0,934.9,902.15,910.95,2853402
LICI,2024-05-13 00:00:00+05:30,910.9,912.65,888.6,891.7,2065788
LICI,2024-05-14 00:00:00+05:30,896.65,936.35,896.0,931.0,1922026
LICI,2024-05-15 00:00:00+05:30,934.0,999.35,932.55,990.0,7637335
LICI,2024-05-16 00:00:00+05:30,1000.0,1000.95,967.2,973.5,2292001
LICI,2024-05-17 00:00:00+05:30,974.7,979.0,965.2,970.4,1524382
LICI,2024-05-18 00:00:00+05:30,974.65,980.1,970.95,974.4,265208
LICI,2024-05-21 00:00:00+05:30,977.05,1033.8,975.0,1023.7,6323927
LICI,2024-05-22 00:00:00+05:30,1031.0,1066.75,1031.0,1055.45,7658810
LICI,2024-05-23 00:00:00+05:30,1056.0,1059.0,1028.5,1031.2,2389235
LICI,2024-05-24 00:00:00+05:30,1033.0,1052.3,1013.35,1029.75,3747892
LICI,2024-05-27 00:00:00+05:30,1035.0,1054.0,1024.05,1036.05,3168271
LICI,2024-05-28 00:00:00+05:30,1054.7,1062.45,1011.65,1016.0,6525071
LICI,2024-05-29 00:00:00+05:30,1010.0,1024.4,993.0,998.3,2716582
LICI,2024-05-30 00:00:00+05:30,996.5,1008.0,989.0,993.3,1863884
LICI,2024-05-31 00:00:00+05:30,997.95,1018.0,992.75,1012.7,3432527
LICI,2024-06-03 00:00:00+05:30,1058.35,1078.8,1032.25,1067.65,8680378
LICI,2024-06-04 00:00:00+05:30,1052.0,1052.0,880.05,927.85,11529105
LICI,2024-06-05 00:00:00+05:30,946.0,948.0,901.0,941.4,3835996
LICI,2024-06-06 00:00:00+05:30,954.8,993.85,954.4,980.8,3548002
LICI,2024-06-07 00:00:00+05:30,983.0,997.75,976.45,994.2,2201013
LICI,2024-06-10 00:00:00+05:30,1001.0,1007.95,992.0,997.4,2211500
LICI,2024-06-11 00:00:00+05:30,999.0,1020.95,992.1,1006.7,2965921
LICI,2024-06-12 00:00:00+05:30,1010.0,1016.8,996.05,998.45,2320470
LICI,2024-06-13 00:00:00+05:30,1004.0,1013.45,995.5,1002.3,1570380
LICI,2024-06-14 00:00:00+05:30,1005.8,1071.7,1002.45,1066.85,12499063
LICI,2024-06-18 00:00:00+05:30,1066.85,1085.0,1051.4,1056.5,4276266
LICI,2024-06-19 00:00:00+05:30,1061.0,1063.85,1023.45,1031.5,3184916
LICI,2024-06-20 00:00:00+05:30,1033.45,1041.0,1025.0,1027.4,1930583
LICI,2024-06-21 00:00:00+05:30,1031.4,1045.8,1015.05,1023.95,2488419
LICI,2024-06-24 00:00:00+05:30,1018.75,1028.3,1005.0,1015.45,1521674
LICI,2024-06-25 00:00:00+05:30,1023.0,1023.25,1005.75,1007.65,1268764
LICI,2024-06-26 00:00:00+05:30,1008.0,1023.8,999.2,1001.4,1850138
LICI,2024-06-27 00:00:00+05:30,1003.55,1017.4,988.05,991.75,2516238
LICI,2024-06-28 00:00:00+05:30,998.0,1014.0,985.2,988.75,2730672
LICI,2024-07-01 00:00:00+05:30,995.0,1006.1,990.1,996.35,1804287
LICI,2024-07-02 00:00:00+05:30,998.0,999.7,982.2,985.45,1535205
LICI,2024-07-03 00:00:00+05:30,985.45,993.4,985.45,988.2,1128509
LICI,2024-07-04 00:00:00+05:30,991.0,1024.5,991.0,1010.2,3904568
LICI,2024-07-05 00:00:00+05:30,1010.2,1024.2,1003.8,1015.65,2331848
LICI,2024-07-08 00:00:00+05:30,1017.0,1026.4,999.1,1013.35,2355243
LICI,2024-07-09 00:00:00+05:30,1014.5,1042.0,1008.2,1032.35,6941750
LICI,2024-07-10 00:00:00+05:30,1032.95,1062.0,1016.0,1049.5,7415472
LICI,2024-07-11 00:00:00+05:30,1052.95,1062.9,1039.2,1057.35,3411317
LICI,2024-07-12 00:00:00+05:30,1065.0,1065.95,1045.6,1051.55,2662257
LICI,2024-07-15 00:00:00+05:30,1055.0,1067.0,1038.6,1060.3,2971983
LICI,2024-07-16 00:00:00+05:30,1065.0,1117.8,1058.2,1108.45,14185936
LICI,2024-07-18 00:00:00+05:30,1109.0,1130.0,1088.3,1109.65,7475945
LICI,2024-07-19 00:00:00+05:30,1106.0,1118.7,1063.35,1108.25,5579511
LICI,2024-07-22 00:00:00+05:30,1100.0,1146.4,1090.0,1123.7,6769614
LICI,2024-07-23 00:00:00+05:30,1130.45,1143.7,1044.5,1086.65,6560323
LICI,2024-07-24 00:00:00+05:30,1090.0,1170.0,1088.15,1160.55,7850480
LICI,2024-07-25 00:00:00+05:30,1140.0,1173.0,1130.0,1160.9,5527885
LICI,2024-07-26 00:00:00+05:30,1165.0,1197.0,1151.05,1184.35,7729718
LICI,2024-07-29 00:00:00+05:30,1194.65,1197.0,1165.3,1173.6,3020820
LICI,2024-07-30 00:00:00+05:30,1173.6,1192.45,1163.8,1188.1,3011688
LICI,2024-07-31 00:00:00+05:30,1188.1,1193.5,1168.85,1176.1,3126309
LICI,2024-08-01 00:00:00+05:30,1183.15,1222.0,1176.05,1179.15,6938545
LICI,2024-08-02 00:00:00+05:30,1172.05,1191.0,1160.0,1179.55,3057586
LICI,2024-08-05 00:00:00+05:30,1154.0,1154.0,1087.0,1107.65,5878903
LICI,2024-08-06 00:00:00+05:30,1120.0,1136.9,1076.2,1079.55,3343418
LICI,2024-08-07 00:00:00+05:30,1115.0,1127.8,1084.75,1123.55,2488460
LICI,2024-08-08 00:00:00+05:30,1126.0,1148.4,1118.9,1125.6,2615890
LICI,2024-08-09 00:00:00+05:30,1155.0,1160.0,1128.95,1133.45,3598457
LICI,2024-08-12 00:00:00+05:30,1125.0,1130.3,1071.1,1074.35,5939943
LICI,2024-08-13 00:00:00+05:30,1086.0,1089.9,1020.1,1028.6,3776212
LICI,2024-08-14 00:00:00+05:30,1042.5,1044.0,1003.75,1027.3,3380840
LICI,2024-08-16 00:00:00+05:30,1040.0,1065.0,1037.3,1057.3,2611128
LICI,2024-08-19 00:00:00+05:30,1059.65,1075.0,1056.65,1072.35,1779464
LICI,2024-08-20 00:00:00+05:30,1074.95,1082.0,1065.55,1067.95,1145286
LICI,2024-08-21 00:00:00+05:30,1069.9,1086.75,1065.0,1084.15,1381891
LICI,2024-08-22 00:00:00+05:30,1092.0,1092.0,1072.5,1075.5,1019258
LICI,2024-08-23 00:00:00+05:30,1080.3,1080.3,1059.0,1061.35,922493
LICI,2024-08-26 00:00:00+05:30,1065.0,1073.75,1049.7,1052.05,1156208
LICI,2024-08-27 00:00:00+05:30,1061.9,1090.0,1045.0,1079.15,3116822
LICI,2024-08-28 00:00:00+05:30,1080.45,1095.0,1073.0,1084.5,1481538
LICI,2024-08-29 00:00:00+05:30,1088.0,1088.0,1061.0,1068.85,1520168
LICI,2024-08-30 00:00:00+05:30,1070.0,1078.5,1061.0,1064.25,933547
LICI,2024-09-02 00:00:00+05:30,1065.5,1070.25,1055.75,1058.6,857165
LICI,2024-09-03 00:00:00+05:30,1064.0,1068.8,1054.45,1062.3,857613
LICI,2024-09-04 00:00:00+05:30,1055.1,1069.9,1050.6,1064.75,978470
LICI,2024-09-05 00:00:00+05:30,1064.0,1079.95,1058.3,1069.3,1019982
LICI,2024-09-06 00:00:00+05:30,1065.0,1072.0,1035.0,1038.9,1370284
LICI,2024-09-09 00:00:00+05:30,1038.9,1044.9,1020.0,1029.3,1433956
LICI,2024-09-10 00:00:00+05:30,1034.0,1045.0,1030.0,1032.15,749982
LICI,2024-09-11 00:00:00+05:30,1033.0,1036.85,1004.85,1013.7,973759
LICI,2024-09-12 00:00:00+05:30,1019.9,1034.9,1018.95,1031.6,836623
LICI,2024-09-13 00:00:00+05:30,1035.0,1046.0,1028.7,1034.15,870819
LICI,2024-09-16 00:00:00+05:30,1039.0,1041.65,1026.05,1028.15,927727
LICI,2024-09-17 00:00:00+05:30,1029.95,1029.95,1020.0,1021.2,502810
LICI,2024-09-18 00:00:00+05:30,1021.0,1034.45,1016.0,1018.6,708747
LICI,2024-09-19 00:00:00+05:30,1023.0,1029.55,991.0,1000.55,1381614
LICI,2024-09-20 00:00:00+05:30,1008.0,1024.45,1002.5,1010.35,1547836
LICI,2024-09-23 00:00:00+05:30,1012.95,1037.45,1012.15,1032.85,1343379
LICI,2024-09-24 00:00:00+05:30,1032.85,1043.45,1025.25,1028.2,922727
LICI,2024-09-25 00:00:00+05:30,1026.95,1032.45,1013.1,1019.0,979782
LICI,2024-09-26 00:00:00+05:30,1024.0,1048.9,1010.5,1028.05,2653652
LICI,2024-09-27 00:00:00+05:30,1033.2,1033.2,1020.4,1024.25,1196872
LICI,2024-09-30 00:00:00+05:30,1022.0,1022.0,1003.1,1006.95,1434359
LICI,2024-10-01 00:00:00+05:30,1008.35,1012.4,999.0,1000.05,1146284
LICI,2024-10-03 00:00:00+05:30,990.0,994.85,964.25,967.35,1963460
LICI,2024-10-04 00:00:00+05:30,973.0,982.8,955.7,971.15,1345161
LICI,2024-10-07 00:00:00+05:30,971.0,977.0,924.15,931.0,3406517
LICI,2024-10-08 00:00:00+05:30,931.0,967.45,923.1,964.4,3021144
LICI,2024-10-09 00:00:00+05:30,971.0,977.25,964.0,970.95,857896
LICI,2024-10-10 00:00:00+05:30,974.0,979.2,962.05,965.15,600669
LICI,2024-10-11 00:00:00+05:30,967.45,971.9,947.25,948.85,957899
LICI,2024-10-14 00:00:00+05:30,958.3,965.95,954.75,959.5,655775
LICI,2024-10-15 00:00:00+05:30,963.0,965.0,943.3,947.85,1201370
LICI,2024-10-16 00:00:00+05:30,947.85,955.0,941.25,942.95,976566
LICI,2024-10-17 00:00:00+05:30,942.95,949.9,931.0,933.1,731896
LICI,2024-10-18 00:00:00+05:30,930.0,941.95,925.3,934.9,707640
LICI,2024-10-21 00:00:00+05:30,945.0,952.9,922.1,926.3,767516
LICI,2024-10-22 00:00:00+05:30,926.0,933.3,909.25,915.5,1397403
LICI,2024-10-23 00:00:00+05:30,919.85,924.9,895.15,909.45,1053255
LICI,2024-10-24 00:00:00+05:30,906.0,924.0,906.0,912.4,911588
LICI,2024-10-25 00:00:00+05:30,910.1,918.0,888.3,903.65,1268810
LICI,2024-10-28 00:00:00+05:30,909.35,923.65,896.65,915.4,1060660
LICI,2024-10-29 00:00:00+05:30,920.1,937.15,915.8,934.4,1053721
LICI,2024-10-30 00:00:00+05:30,937.85,947.45,930.05,934.95,683462
LICI,2024-10-31 00:00:00+05:30,933.0,939.5,920.0,923.05,634496
LICI,2024-11-01 00:00:00+05:30,926.9,932.0,925.3,930.35,153297
LICI,2024-11-04 00:00:00+05:30,934.0,936.4,911.25,923.75,614860
LICI,2024-11-05 00:00:00+05:30,925.0,930.35,915.8,928.65,834576
LICI,2024-11-06 00:00:00+05:30,930.0,947.8,924.15,945.25,1026191
LICI,2024-11-07 00:00:00+05:30,945.0,954.0,927.15,929.7,816992
LICI,2024-11-08 00:00:00+05:30,931.0,934.85,911.9,914.65,717691
LICI,2024-11-11 00:00:00+05:30,920.0,933.7,909.0,918.45,1238920
LICI,2024-11-12 00:00:00+05:30,930.5,958.0,918.0,921.15,2255309
LICI,2024-11-13 00:00:00+05:30,922.0,924.9,890.05,897.9,1326985
LICI,2024-11-14 00:00:00+05:30,905.0,924.5,895.6,908.65,1221663
LICI,2024-11-18 00:00:00+05:30,908.65,916.95,900.0,901.75,667386
LICI,2024-11-19 00:00:00+05:30,910.0,916.65,894.0,896.65,778486
LICI,2024-11-21 00:00:00+05:30,894.0,898.95,872.0,881.95,1648142
LICI,2024-11-22 00:00:00+05:30,884.0,895.0,879.0,889.5,947168
LICI,2024-11-25 00:00:00+05:30,905.95,911.75,902.6,905.05,1116286
LICI,2024-11-26 00:00:00+05:30,905.05,919.8,900.0,907.2,873562
LICI,2024-11-27 00:00:00+05:30,910.0,917.5,906.0,916.3,779480
LICI,2024-11-28 00:00:00+05:30,920.0,952.5,917.25,938.6,2788917
LICI,2024-11-29 00:00:00+05:30,947.0,992.15,945.0,985.5,7397971
LICI,2024-12-02 00:00:00+05:30,985.0,999.95,974.35,983.8,1979567
LICI,2024-12-03 00:00:00+05:30,990.0,995.0,966.2,969.75,1659133
LICI,2024-12-04 00:00:00+05:30,970.0,982.0,967.6,971.35,1044244
LICI,2024-12-05 00:00:00+05:30,978.0,981.0,966.25,976.9,1211446
LICI,2024-12-06 00:00:00+05:30,977.9,992.95,975.2,983.25,1330397
LICI,2024-12-09 00:00:00+05:30,987.65,1007.8,981.85,986.35,2050254
LICI,2024-12-10 00:00:00+05:30,979.0,979.0,945.5,948.2,3666785
LICI,2024-12-11 00:00:00+05:30,948.2,952.0,937.15,938.8,1218352
LICI,2024-12-12 00:00:00+05:30,939.0,944.0,926.55,928.5,1226052
LICI,2024-12-13 00:00:00+05:30,928.9,934.0,913.55,931.9,1275193
LICI,2024-12-16 00:00:00+05:30,935.0,936.5,923.0,923.9,709525
LICI,2024-12-17 00:00:00+05:30,931.4,934.8,918.0,920.05,1020033
LICI,2024-12-18 00:00:00+05:30,920.0,924.5,905.0,906.45,1200629
LICI,2024-12-19 00:00:00+05:30,895.0,908.0,890.55,905.05,1432458
LICI,2024-12-20 00:00:00+05:30,905.7,914.9,895.35,901.7,1401586
LICI,2024-12-23 00:00:00+05:30,902.5,906.9,892.6,904.8,1947520
LICI,2024-12-24 00:00:00+05:30,904.7,904.8,890.0,890.65,980630
LICI,2024-12-26 00:00:00+05:30,890.65,895.0,885.15,891.9,766954
LICI,2024-12-27 00:00:00+05:30,893.0,899.9,885.5,887.0,592236
LICI,2024-12-30 00:00:00+05:30,891.75,928.9,878.45,905.4,3192145
LICI,2024-12-31 00:00:00+05:30,903.0,903.0,883.1,892.0,1282443
LICI,2025-01-01 00:00:00+05:30,896.0,898.3,890.0,896.4,524731
LICI,2025-01-02 00:00:00+05:30,898.0,904.5,896.05,902.35,601073
LICI,2025-01-03 00:00:00+05:30,904.0,917.9,902.35,908.4,889032
LICI,2025-01-06 00:00:00+05:30,908.4,909.9,872.1,875.85,1060694
LICI,2025-01-07 00:00:00+05:30,877.9,885.0,861.15,876.4,1323119
LICI,2025-01-08 00:00:00+05:30,877.0,878.85,867.5,868.9,762531
LICI,2025-01-09 00:00:00+05:30,872.0,873.9,839.7,843.1,1486683
LICI,2025-01-10 00:00:00+05:30,845.0,852.0,835.85,839.5,1098164
LICI,2025-01-13 00:00:00+05:30,830.0,836.85,807.5,808.95,1715367
LICI,2025-01-14 00:00:00+05:30,815.0,827.75,806.85,825.4,879737
LICI,2025-01-15 00:00:00+05:30,833.0,838.0,818.5,836.05,984158
LICI,2025-01-16 00:00:00+05:30,837.2,856.0,837.2,844.35,1504145
LICI,2025-01-17 00:00:00+05:30,845.9,858.95,844.55,854.9,772593
LICI,2025-01-20 00:00:00+05:30,859.9,865.0,855.0,859.0,648046
LICI,2025-01-21 00:00:00+05:30,860.0,863.8,835.5,837.55,822668
LICI,2025-01-22 00:00:00+05:30,841.7,843.45,818.7,828.55,925304
LICI,2025-01-23 00:00:00+05:30,828.5,840.9,824.5,837.25,713322
LICI,2025-01-24 00:00:00+05:30,839.5,839.9,820.0,821.25,529524
LICI,2025-01-27 00:00:00+05:30,820.6,821.0,807.45,809.05,711008
LICI,2025-01-28 00:00:00+05:30,816.15,825.95,805.0,818.65,1267694
LICI,2025-01-29 00:00:00+05:30,824.4,835.55,820.25,828.2,939222
LICI,2025-01-30 00:00:00+05:30,830.0,836.65,820.1,824.9,759283
LICI,2025-01-31 00:00:00+05:30,827.0,846.45,824.2,845.45,885919
LICI,2025-02-01 00:00:00+05:30,846.0,869.4,824.2,848.0,1888965
LICI,2025-02-03 00:00:00+05:30,844.0,844.0,820.1,830.15,948970
LICI,2025-02-04 00:00:00+05:30,835.0,839.45,830.6,834.5,587330
LICI,2025-02-05 00:00:00+05:30,837.0,848.8,833.85,842.65,839048
LICI,2025-02-06 00:00:00+05:30,842.65,844.0,826.8,828.8,614796
LICI,2025-02-07 00:00:00+05:30,834.4,835.95,809.15,816.1,1360842
LICI,2025-02-10 00:00:00+05:30,814.0,824.8,806.35,808.9,1907216
LICI,2025-02-11 00:00:00+05:30,814.0,814.15,790.2,799.8,1442861
LICI,2025-02-12 00:00:00+05:30,801.3,801.3,775.8,782.4,1636244
LICI,2025-02-13 00:00:00+05:30,780.0,793.85,780.0,784.8,911513
LICI,2025-02-14 00:00:00+05:30,786.0,788.35,755.05,759.1,1539217
LICI,2025-02-17 00:00:00+05:30,759.1,769.65,744.95,765.15,1487219
LICI,2025-02-18 00:00:00+05:30,765.15,772.8,756.0,758.95,886367
LICI,2025-02-19 00:00:00+05:30,754.05,771.85,746.15,764.0,855159
LICI,2025-02-20 00:00:00+05:30,763.45,778.5,762.0,776.5,1003547
LICI,2025-02-21 00:00:00+05:30,776.5,785.7,774.2,780.9,965646
LICI,2025-02-24 00:00:00+05:30,775.0,780.0,771.05,775.4,614436
LICI,2025-02-25 00:00:00+05:30,771.05,778.15,754.1,756.55,1068103
LICI,2025-02-27 00:00:00+05:30,757.0,759.0,739.4,741.1,1197719
LICI,2025-02-28 00:00:00+05:30,738.95,743.0,727.55,740.5,1658144
LICI,2025-03-03 00:00:00+05:30,741.0,748.2,715.3,729.2,1583826
LICI,2025-03-04 00:00:00+05:30,727.55,738.5,723.2,733.2,840575
LICI,2025-03-05 00:00:00+05:30,735.7,763.0,735.7,761.8,1126619
LICI,2025-03-06 00:00:00+05:30,768.0,770.0,760.05,766.8,856309
LICI,2025-03-07 00:00:00+05:30,765.0,772.25,758.5,763.15,760968
LICI,2025-03-10 00:00:00+05:30,764.0,768.15,748.0,752.05,773461
LICI,2025-03-11 00:00:00+05:30,745.1,761.0,742.6,754.25,1243675
LICI,2025-03-12 00:00:00+05:30,760.0,761.65,731.4,744.5,1083297
LICI,2025-03-13 00:00:00+05:30,745.0,751.9,734.6,740.15,1311951
LICI,2025-03-17 00:00:00+05:30,741.65,748.85,737.7,745.4,987412
LICI,2025-03-18 00:00:00+05:30,748.85,759.0,747.55,757.4,1551963
LICI,2025-03-19 00:00:00+05:30,762.4,780.75,760.2,776.75,1463331
LICI,2025-03-20 00:00:00+05:30,775.0,782.55,770.0,779.5,1227224
LICI,2025-03-21 00:00:00+05:30,784.6,793.95,779.5,791.35,1421811
LICI,2025-03-24 00:00:00+05:30,794.8,807.95,789.0,800.55,1521477
LICI,2025-03-25 00:00:00+05:30,806.3,806.3,785.55,789.4,1205481
LICI,2025-03-26 00:00:00+05:30,793.05,798.35,785.05,786.85,1205126
LICI,2025-03-27 00:00:00+05:30,781.0,805.95,780.05,801.15,1980683
LICI,2025-03-28 00:00:00+05:30,799.0,815.45,794.5,799.4,1786482
LICI,2025-04-01 00:00:00+05:30,795.0,806.0,792.1,797.75,726877
LICI,2025-04-02 00:00:00+05:30,798.0,812.4,787.0,810.95,1410244
LICI,2025-04-03 00:00:00+05:30,808.0,819.0,803.7,815.3,865788
LICI,2025-04-04 00:00:00+05:30,815.35,817.8,786.5,792.15,1130431
LICI,2025-04-07 00:00:00+05:30,745.0,772.9,742.8,767.2,1187822
LICI,2025-04-08 00:00:00+05:30,783.0,786.0,771.1,784.8,594843
LICI,2025-04-09 00:00:00+05:30,781.05,782.0,767.0,767.7,524963
LICI,2025-04-11 00:00:00+05:30,791.0,792.0,768.0,771.05,776497
LICI,2025-04-15 00:00:00+05:30,779.0,787.35,777.5,784.3,673645
LICI,2025-04-16 00:00:00+05:30,784.0,799.4,783.5,797.65,1072958
LICI,2025-04-17 00:00:00+05:30,799.95,806.75,792.35,803.2,957520
LICI,2025-04-21 00:00:00+05:30,804.0,825.9,802.75,817.5,1216066
LICI,2025-04-22 00:00:00+05:30,820.0,827.4,813.65,821.4,793714
LICI,2025-04-23 00:00:00+05:30,823.0,826.95,809.05,820.65,942633
LICI,2025-04-24 00:00:00+05:30,816.5,824.5,812.8,815.1,535849
LICI,2025-04-25 00:00:00+05:30,819.0,829.0,787.7,791.2,1202841
LICI,2025-04-28 00:00:00+05:30,790.0,807.0,787.2,803.7,874157
LICI,2025-04-29 00:00:00+05:30,805.0,814.2,798.15,800.4,670267
LICI,2025-04-30 00:00:00+05:30,799.95,808.75,790.0,795.75,798645
LICI,2025-05-02 00:00:00+05:30,793.75,806.1,790.3,792.25,706436
LICI,2025-05-05 00:00:00+05:30,793.2,820.8,793.2,817.45,1165457
LICI,2025-05-06 00:00:00+05:30,817.45,819.7,782.35,784.35,1273946
LICI,2025-05-07 00:00:00+05:30,775.0,790.55,774.15,785.95,1513760
LICI,2025-05-08 00:00:00+05:30,788.0,797.85,778.0,781.85,1013336
LICI,2025-05-09 00:00:00+05:30,760.0,789.4,760.0,786.95,1109279
LICI,2025-05-12 00:00:00+05:30,801.75,816.9,801.15,815.45,1387327
LICI,2025-05-13 00:00:00+05:30,815.5,832.0,812.95,826.4,1188986
LICI,2025-05-14 00:00:00+05:30,826.4,839.7,820.4,822.2,1200489
LICI,2025-05-15 00:00:00+05:30,822.25,842.4,819.75,840.3,1242668
LICI,2025-05-16 00:00:00+05:30,843.0,861.8,839.05,857.0,1998055
LICI,2025-05-19 00:00:00+05:30,857.0,865.65,853.3,855.05,1054285
LICI,2025-05-20 00:00:00+05:30,856.0,873.0,847.65,850.7,1403194
LICI,2025-05-21 00:00:00+05:30,850.05,857.8,847.05,853.8,760171
LICI,2025-05-22 00:00:00+05:30,851.0,853.05,840.0,845.7,645750
LICI,2025-05-23 00:00:00+05:30,853.0,862.8,847.0,860.25,845821
LICI,2025-05-26 00:00:00+05:30,865.0,873.7,864.1,870.05,966247
LICI,2025-05-27 00:00:00+05:30,873.0,873.0,861.5,871.25,1430284
LICI,2025-05-28 00:00:00+05:30,892.0,948.0,888.0,942.0,23033284
LICI,2025-05-29 00:00:00+05:30,943.5,954.65,929.0,944.45,4631410
LICI,2025-05-30 00:00:00+05:30,941.5,957.8,934.15,954.45,2761353
LICI,2025-06-02 00:00:00+05:30,954.0,966.45,946.4,962.4,2565515
LICI,2025-06-03 00:00:00+05:30,961.0,968.2,950.0,953.65,1358922
LICI,2025-06-04 00:00:00+05:30,954.6,957.4,946.9,953.25,1325090
LICI,2025-06-05 00:00:00+05:30,953.25,961.45,950.55,956.6,1060407
LICI,2025-06-06 00:00:00+05:30,955.65,960.95,951.8,959.85,1048953
LICI,2025-06-09 00:00:00+05:30,959.9,973.35,958.65,962.9,1644441
LICI,2025-06-10 00:00:00+05:30,963.5,970.95,945.7,947.45,1491021
LICI,2025-06-11 00:00:00+05:30,950.0,968.5,947.75,964.8,2050914
LICI,2025-06-12 00:00:00+05:30,964.8,964.95,942.0,943.7,1014410
LICI,2025-06-13 00:00:00+05:30,933.0,943.05,921.2,937.95,1015649
LICI,2025-06-16 00:00:00+05:30,935.0,951.0,929.5,949.4,942908
LICI,2025-06-17 00:00:00+05:30,946.0,954.0,943.25,947.45,650034
LICI,2025-06-18 00:00:00+05:30,943.0,949.95,933.0,934.6,959993
LICI,2025-06-19 00:00:00+05:30,934.0,943.7,922.55,927.9,741716
LICI,2025-06-20 00:00:00+05:30,927.8,942.0,924.15,936.55,878908
LICI,2025-06-23 00:00:00+05:30,928.0,949.0,927.35,939.95,799215
LICI,2025-06-24 00:00:00+05:30,948.3,954.9,943.0,945.65,1242288
LICI,2025-06-25 00:00:00+05:30,946.95,953.9,944.1,951.1,901902
LICI,2025-06-26 00:00:00+05:30,951.1,959.2,946.3,957.55,1399813
LICI,2025-06-27 00:00:00+05:30,958.0,962.25,950.5,957.7,739305
LICI,2025-06-30 00:00:00+05:30,957.7,980.0,957.2,972.8,2437347
LICI,2025-07-01 00:00:00+05:30,977.0,977.9,962.55,970.95,904582
LICI,2025-07-02 00:00:00+05:30,967.0,970.95,952.8,958.0,721322
LICI,2025-07-03 00:00:00+05:30,958.0,961.5,944.9,946.0,913793
LICI,2025-07-04 00:00:00+05:30,945.0,953.85,934.0,940.7,787030
LICI,2025-07-07 00:00:00+05:30,940.7,947.0,938.05,943.7,464630
LICI,2025-07-08 00:00:00+05:30,943.7,949.05,940.9,946.85,540491
LICI,2025-07-09 00:00:00+05:30,946.85,953.0,944.55,946.0,482380
LICI,2025-07-10 00:00:00+05:30,937.0,941.95,921.0,926.55,1985307
LICI,2025-07-11 00:00:00+05:30,926.55,933.95,920.5,922.4,602074
LICI,2025-07-14 00:00:00+05:30,920.6,921.7,912.0,916.4,843161
LICI,2025-07-15 00:00:00+05:30,916.4,927.0,916.4,925.2,409783
LICI,2025-07-16 00:00:00+05:30,927.5,933.65,925.2,932.65,538370
LICI,2025-07-17 00:00:00+05:30,933.0,935.75,927.0,928.25,402400
LICI,2025-07-18 00:00:00+05:30,928.25,932.85,920.3,923.15,311216
LICI,2025-07-21 00:00:00+05:30,920.0,929.95,917.6,928.15,458335
LICI,2025-07-22 00:00:00+05:30,929.1,932.7,916.3,919.05,480584
LICI,2025-07-23 00:00:00+05:30,922.5,925.45,914.7,922.0,625338
LICI,2025-07-24 00:00:00+05:30,922.0,925.35,910.05,917.0,481852
LICI,2025-07-25 00:00:00+05:30,910.0,910.0,882.1,886.85,1223102
LICI,2025-07-28 00:00:00+05:30,881.1,898.9,880.05,890.8,980461
LICI,2025-07-29 00:00:00+05:30,888.95,902.95,886.65,899.05,530162
LICI,2025-07-30 00:00:00+05:30,899.0,906.95,899.0,902.0,587832
LICI,2025-07-31 00:00:00+05:30,895.95,896.95,888.15,895.0,583642
LICI,2025-08-01 00:00:00+05:30,895.0,900.25,881.7,884.85,882601
LICI,2025-08-04 00:00:00+05:30,880.05,897.5,878.0,895.3,818695
LICI,2025-08-05 00:00:00+05:30,890.0,899.1,890.0,892.25,454682
LICI,2025-08-06 00:00:00+05:30,890.0,902.0,888.0,892.75,691080
LICI,2025-08-07 00:00:00+05:30,894.9,896.3,874.0,885.0,554212
LICI,2025-08-08 00:00:00+05:30,905.0,927.1,904.0,912.95,4531839
LICI,2025-08-11 00:00:00+05:30,914.0,916.8,892.1,906.35,1320560
LICI,2025-08-12 00:00:00+05:30,905.0,928.0,903.9,916.5,1284334
LICI,2025-08-13 00:00:00+05:30,916.0,920.95,881.2,887.5,1526696
LICI,2025-08-14 00:00:00+05:30,890.0,894.6,885.0,887.75,761942
LICI,2025-08-18 00:00:00+05:30,909.6,915.2,888.4,890.15,1334084
LICI,2025-08-19 00:00:00+05:30,891.0,896.3,883.0,894.3,1160144
LICI,2025-08-20 00:00:00+05:30,892.85,901.3,890.7,899.35,432997
LICI,2025-08-21 00:00:00+05:30,917.0,917.0,886.6,895.6,1844457
LICI,2025-08-22 00:00:00+05:30,895.6,900.8,886.05,889.1,755980
LICI,2025-08-25 00:00:00+05:30,891.0,895.65,887.5,894.05,621627
LICI,2025-08-26 00:00:00+05:30,891.25,894.5,885.05,888.35,1030729
LICI,2025-08-28 00:00:00+05:30,887.0,889.6,866.0,869.5,903333
LICI,2025-08-29 00:00:00+05:30,868.9,870.3,850.1,852.15,926244
LICI,2025-09-01 00:00:00+05:30,853.8,864.95,852.15,859.15,784731
LICI,2025-09-02 00:00:00+05:30,863.35,868.85,856.0,864.15,500854
LICI,2025-09-03 00:00:00+05:30,868.45,872.95,865.95,870.7,648680
LICI,2025-09-04 00:00:00+05:30,910.0,910.0,873.35,878.1,2687918
LICI,2025-09-05 00:00:00+05:30,879.65,882.25,865.2,877.35,990252
LICI,2025-09-08 00:00:00+05:30,878.9,882.2,871.6,876.55,484893
LICI,2025-09-09 00:00:00+05:30,875.0,879.9,872.55,874.7,583070
LICI,2025-09-10 00:00:00+05:30,874.7,880.0,874.7,877.65,546181
LICI,2025-09-11 00:00:00+05:30,878.0,879.2,871.4,877.1,970028
LICI,2025-09-12 00:00:00+05:30,875.2,878.85,873.4,874.75,958584
LICI,2025-09-15 00:00:00+05:30,876.0,885.95,875.15,883.7,1113115
LICI,2025-09-16 00:00:00+05:30,882.0,889.0,878.55,882.55,877033
LICI,2025-09-17 00:00:00+05:30,883.0,888.0,882.1,885.35,664758
LICI,2025-09-18 00:00:00+05:30,889.05,892.95,886.75,889.4,646298
LICI,2025-09-19 00:00:00+05:30,890.2,899.85,890.2,893.55,1473366
LICI,2025-09-22 00:00:00+05:30,893.55,913.8,893.0,904.5,2590163
LICI,2025-09-23 00:00:00+05:30,904.45,908.65,896.45,897.65,2448827
LICI,2025-09-24 00:00:00+05:30,897.65,902.1,892.35,894.25,553360
LICI,2025-09-25 00:00:00+05:30,890.5,898.25,884.0,888.2,1069593
LICI,2025-09-26 00:00:00+05:30,887.6,887.6,870.55,872.45,499920
LICI,2025-09-29 00:00:00+05:30,872.45,896.5,872.25,895.05,872365
LICI,2025-09-30 00:00:00+05:30,897.0,907.0,892.65,900.35,1077331
LICI,2025-10-01 00:00:00+05:30,900.35,910.0,895.6,904.1,1284460
LICI,2025-10-03 00:00:00+05:30,904.1,912.8,900.7,905.25,891706
LICI,2025-10-06 00:00:00+05:30,900.0,911.35,898.5,907.15,1402898
LICI,2025-10-07 00:00:00+05:30,907.15,920.6,907.1,912.35,1186472
LICI,2025-10-08 00:00:00+05:30,911.0,912.55,890.15,893.8,1271632
LICI,2025-10-09 00:00:00+05:30,893.8,897.7,889.1,895.2,693273
LICI,2025-10-10 00:00:00+05:30,895.0,907.4,891.3,897.8,815586
LICI,2025-10-13 00:00:00+05:30,892.1,902.1,890.1,897.25,538867
LICI,2025-10-14 00:00:00+05:30,899.0,906.0,895.0,902.0,1576596
LICI,2025-10-15 00:00:00+05:30,900.9,908.0,897.35,898.95,574962
LICI,2025-10-16 00:00:00+05:30,899.0,903.5,891.5,894.15,765783
LICI,2025-10-17 00:00:00+05:30,894.15,897.65,884.1,885.5,561015
LICI,2025-10-20 00:00:00+05:30,888.0,897.7,886.85,891.85,373495
LICI,2025-10-21 00:00:00+05:30,890.0,894.7,890.0,892.1,114200
LICI,2025-10-23 00:00:00+05:30,893.0,904.9,893.0,899.95,1449541
LICI,2025-10-24 00:00:00+05:30,902.7,903.0,885.0,889.65,567658
LICI,2025-10-27 00:00:00+05:30,887.25,900.8,885.55,897.65,871092
LICI,2025-10-28 00:00:00+05:30,897.65,920.6,895.55,899.9,2518859
LICI,2025-10-29 00:00:00+05:30,899.0,916.9,899.0,908.75,1649697
LICI,2025-10-30 00:00:00+05:30,910.85,910.85,897.1,900.75,756385
LICI,2025-10-31 00:00:00+05:30,897.15,901.0,890.3,894.7,1279740
LICI,2025-11-03 00:00:00+05:30,894.7,923.0,894.7,919.9,2966669
LICI,2025-11-04 00:00:00+05:30,925.0,925.0,902.1,905.7,1969201
LICI,2025-11-06 00:00:00+05:30,902.1,906.65,892.25,896.1,1203527
LICI,2025-11-07 00:00:00+05:30,910.0,936.95,895.1,924.15,7699680
LICI,2025-11-10 00:00:00+05:30,926.9,931.9,898.0,899.7,3204796
LICI,2025-11-11 00:00:00+05:30,904.0,904.85,895.05,900.6,2032416
LICI,2025-11-12 00:00:00+05:30,903.15,909.8,898.15,900.15,2493689
LICI,2025-11-13 00:00:00+05:30,900.5,908.45,888.15,902.85,3367249
LICI,2025-11-14 00:00:00+05:30,900.0,910.75,897.6,909.45,830405
LICI,2025-11-17 00:00:00+05:30,909.45,916.65,908.2,915.35,926990
LICI,2025-11-18 00:00:00+05:30,915.35,920.6,906.6,915.5,1288703
LICI,2025-11-19 00:00:00+05:30,915.5,921.0,910.5,914.05,923863
LICI,2025-11-20 00:00:00+05:30,915.0,919.95,906.05,908.3,1301140
LICI,2025-11-21 00:00:00+05:30,909.0,910.0,899.25,902.4,1653584
LICI,2025-11-24 00:00:00+05:30,902.4,904.2,888.2,895.05,1136910
LICI,2025-11-25 00:00:00+05:30,892.1,900.8,891.5,897.65,1109545
LICI,2025-11-26 00:00:00+05:30,896.95,901.9,893.6,894.8,847545
LICI,2025-11-27 00:00:00+05:30,896.0,902.0,891.25,900.25,1688227
LICI,2025-11-28 00:00:00+05:30,900.0,902.95,893.25,894.45,1036390
LICI,2025-12-01 00:00:00+05:30,896.95,899.85,880.15,882.1,1065698
